"Record","Unique_ID","EQR","P","Exclude_P","N","Exclude_N","BioClass","Group"
232,"Rhein, Bimmen",13.9982106367304,103.090771482949,0,2565.32856475924,0,3,"20.1"
233,"Rhein, Duisburg",5.426666666664,97.5882352941176,0,2452.94117647059,0,5,"20.1"
